Operation,Work Order,Work Center,Assigned To,Setup Min,Run Min,After,Ready At,Due At,Description
WO-401-10,WO-401,SAW,Morgan,10.0,20.0,,2026-10-05T08:00:00-05:00,2026-10-05T10:30:00-05:00,Pump mounting plate / Cut stock
WO-401-20,WO-401,MILL-1,Alex,30.0,90.0,WO-401-10,2026-10-05T08:00:00-05:00,2026-10-05T10:30:00-05:00,Pump mounting plate / Machine
WO-401-30,WO-401,QC,Morgan,5.0,25.0,WO-401-20,2026-10-05T08:00:00-05:00,2026-10-05T10:30:00-05:00,Pump mounting plate / Inspect and deburr
WO-402-10,WO-402,SAW,Morgan,10.0,35.0,,2026-10-05T08:00:00-05:00,2026-10-05T16:00:00-05:00,Valve spindle / Cut stock
WO-402-20,WO-402,LATHE-1,Priya,30.0,90.0,WO-402-10,2026-10-05T08:00:00-05:00,2026-10-05T16:00:00-05:00,Valve spindle / Machine
WO-402-30,WO-402,QC,Morgan,5.0,25.0,WO-402-20,2026-10-05T08:00:00-05:00,2026-10-05T16:00:00-05:00,Valve spindle / Inspect and deburr
WO-403-10,WO-403,SAW,Morgan,10.0,20.0,,2026-10-05T08:00:00-05:00,2026-10-06T10:00:00-05:00,Conveyor bracket / Cut stock
WO-403-20,WO-403,MILL-1,Alex,30.0,90.0,WO-403-10,2026-10-05T08:00:00-05:00,2026-10-06T10:00:00-05:00,Conveyor bracket / Machine
WO-403-30,WO-403,QC,Morgan,5.0,25.0,WO-403-20,2026-10-05T08:00:00-05:00,2026-10-06T10:00:00-05:00,Conveyor bracket / Inspect and deburr
WO-404-10,WO-404,SAW,Morgan,10.0,20.0,,2026-10-05T08:00:00-05:00,2026-10-06T15:00:00-05:00,Motor base adapter / Cut stock
WO-404-20,WO-404,MILL-1,Alex,30.0,90.0,WO-404-10,2026-10-05T08:00:00-05:00,2026-10-06T15:00:00-05:00,Motor base adapter / Machine
WO-404-30,WO-404,QC,Morgan,5.0,25.0,WO-404-20,2026-10-05T08:00:00-05:00,2026-10-06T15:00:00-05:00,Motor base adapter / Inspect and deburr
WO-405-10,WO-405,SAW,Morgan,10.0,35.0,,2026-10-05T08:00:00-05:00,2026-10-06T12:00:00-05:00,Bearing collar / Cut stock
WO-405-20,WO-405,LATHE-1,Priya,30.0,90.0,WO-405-10,2026-10-05T08:00:00-05:00,2026-10-06T12:00:00-05:00,Bearing collar / Machine
WO-405-30,WO-405,QC,Morgan,5.0,25.0,WO-405-20,2026-10-05T08:00:00-05:00,2026-10-06T12:00:00-05:00,Bearing collar / Inspect and deburr
WO-406-10,WO-406,SAW,Morgan,10.0,20.0,,2026-10-05T08:00:00-05:00,2026-10-07T12:00:00-05:00,Repair clevis / Cut stock
WO-406-20,WO-406,MILL-1,Alex,30.0,60.0,WO-406-10,2026-10-05T08:00:00-05:00,2026-10-07T12:00:00-05:00,Repair clevis / Machine
WO-406-30,WO-406,QC,Morgan,5.0,25.0,WO-406-20,2026-10-05T08:00:00-05:00,2026-10-07T12:00:00-05:00,Repair clevis / Inspect and deburr
WO-407-10,WO-407,SAW,Morgan,10.0,20.0,,2026-10-05T08:00:00-05:00,2026-10-07T17:00:00-05:00,Sensor standoff / Cut stock
WO-407-20,WO-407,LATHE-1,Priya,30.0,60.0,WO-407-10,2026-10-05T08:00:00-05:00,2026-10-07T17:00:00-05:00,Sensor standoff / Machine
WO-407-30,WO-407,QC,Morgan,5.0,25.0,WO-407-20,2026-10-05T08:00:00-05:00,2026-10-07T17:00:00-05:00,Sensor standoff / Inspect and deburr
